<Scene>
	<BackgroundColor>0 51 153</BackgroundColor>
	<Culling>enabled</Culling>
	<Cameras>
		<Camera id="1" type="perspective">
			<Position>0 0 150</Position>
			<Gaze>0 0 -1</Gaze>
			<Up>0 1 0</Up>
			<ImagePlane>-1 1 -1 1 2 1000 1000 1000</ImagePlane>
			<OutputName>flag_eu_1.ppm</OutputName>
		</Camera>
	</Cameras>

	<Vertices>
		<Vertex id="1" position="0 5.0 0.0" color="255 204 0" />
        <Vertex id="2" position="-4.75528258148 1.54508497187 0.0" color="255 204 0" />
        <Vertex id="3" position="-2.93892626146 -4.04508497187 0.0" color="255 204 0" />
        <Vertex id="4" position="2.93892626146 -4.04508497187 0.0" color="255 204 0" />
        <Vertex id="5" position="4.75528258148 1.54508497187 0.0" color="255 204 0" />
        <Vertex id="6" position="-1.18882064537 1.63627124297 0.0" color="255 204 0" />
        <Vertex id="7" position="-1.92355221073 -0.625 0.0" color="255 204 0" />
        <Vertex id="8" position="0 -2.02254248594 0.0" color="255 204 0" />
        <Vertex id="9" position="1.92355221073 -0.625 0.0" color="255 204 0" />
        <Vertex id="10" position="1.18882064537 1.63627124297 0.0" color="255 204 0" />
        <Vertex id="11" position="0 0 0.0" color="255 204 0" />
        <Vertex id="12" position="0 0 -10.0" color="20 20 20" />
	</Vertices>

	<Translations>
        <Translation id="1" value="0 30 0"/>
	</Translations>

	<Scalings>
	</Scalings>

	<Rotations>
		<Rotation id="1" value="30 0 0 1" />
        <Rotation id="2" value="60 0 0 1" />
        <Rotation id="3" value="90 0 0 1" />
        <Rotation id="4" value="120 0 0 1" />
        <Rotation id="5" value="150 0 0 1" />
        <Rotation id="6" value="180 0 0 1" />
        <Rotation id="7" value="210 0 0 1" />
        <Rotation id="8" value="240 0 0 1" />
        <Rotation id="9" value="270 0 0 1" />
        <Rotation id="10" value="300 0 0 1" />
        <Rotation id="11" value="330 0 0 1" />
	</Rotations>

	<Meshes>
        <Mesh id="1" type="solid">
            <Transformations>
                <Transformation>t 1</Transformation>
            </Transformations>
            <Faces>
                1 6 10
                2 7 6
                3 8 7
                4 9 8
                5 10 9
                11 10 6
                11 9 10
                11 8 9
                11 7 8
                11 6 7
                1 10 12
                1 12 6
                5 12 10
                5 9 12
                4 12 9
                4 8 12
                3 12 8
                3 7 12
                2 12 7
                2 6 12
                1 12 6
            </Faces>
        </Mesh>

        <Mesh id="2" type="solid">
            <Transformations>
                <Transformation>t 1</Transformation>
                <Transformation>r 1</Transformation>
            </Transformations>
            <Faces>
                1 6 10
                2 7 6
                3 8 7
                4 9 8
                5 10 9
                11 10 6
                11 9 10
                11 8 9
                11 7 8
                11 6 7
                1 10 12
                1 12 6
                5 12 10
                5 9 12
                4 12 9
                4 8 12
                3 12 8
                3 7 12
                2 12 7
                2 6 12
                1 12 6
            </Faces>
        </Mesh>

        <Mesh id="3" type="solid">
            <Transformations>
                <Transformation>t 1</Transformation>
                <Transformation>r 2</Transformation>
            </Transformations>
            <Faces>
                1 6 10
                2 7 6
                3 8 7
                4 9 8
                5 10 9
                11 10 6
                11 9 10
                11 8 9
                11 7 8
                11 6 7
                1 10 12
                1 12 6
                5 12 10
                5 9 12
                4 12 9
                4 8 12
                3 12 8
                3 7 12
                2 12 7
                2 6 12
                1 12 6
            </Faces>
        </Mesh>

        <Mesh id="4" type="solid">
            <Transformations>
                <Transformation>t 1</Transformation>
                <Transformation>r 3</Transformation>
            </Transformations>
            <Faces>
                1 6 10
                2 7 6
                3 8 7
                4 9 8
                5 10 9
                11 10 6
                11 9 10
                11 8 9
                11 7 8
                11 6 7
                1 10 12
                1 12 6
                5 12 10
                5 9 12
                4 12 9
                4 8 12
                3 12 8
                3 7 12
                2 12 7
                2 6 12
                1 12 6
            </Faces>
        </Mesh>

        <Mesh id="5" type="solid">
            <Transformations>
                <Transformation>t 1</Transformation>
                <Transformation>r 4</Transformation>
            </Transformations>
            <Faces>
                1 6 10
                2 7 6
                3 8 7
                4 9 8
                5 10 9
                11 10 6
                11 9 10
                11 8 9
                11 7 8
                11 6 7
                1 10 12
                1 12 6
                5 12 10
                5 9 12
                4 12 9
                4 8 12
                3 12 8
                3 7 12
                2 12 7
                2 6 12
                1 12 6
            </Faces>
        </Mesh>

        <Mesh id="6" type="solid">
            <Transformations>
                <Transformation>t 1</Transformation>
                <Transformation>r 5</Transformation>
            </Transformations>
            <Faces>
                1 6 10
                2 7 6
                3 8 7
                4 9 8
                5 10 9
                11 10 6
                11 9 10
                11 8 9
                11 7 8
                11 6 7
                1 10 12
                1 12 6
                5 12 10
                5 9 12
                4 12 9
                4 8 12
                3 12 8
                3 7 12
                2 12 7
                2 6 12
                1 12 6
            </Faces>
        </Mesh>

        <Mesh id="7" type="solid">
            <Transformations>
                <Transformation>t 1</Transformation>
                <Transformation>r 6</Transformation>
            </Transformations>
            <Faces>
                1 6 10
                2 7 6
                3 8 7
                4 9 8
                5 10 9
                11 10 6
                11 9 10
                11 8 9
                11 7 8
                11 6 7
                1 10 12
                1 12 6
                5 12 10
                5 9 12
                4 12 9
                4 8 12
                3 12 8
                3 7 12
                2 12 7
                2 6 12
                1 12 6
            </Faces>
        </Mesh>

        <Mesh id="8" type="solid">
            <Transformations>
                <Transformation>t 1</Transformation>
                <Transformation>r 7</Transformation>
            </Transformations>
            <Faces>
                1 6 10
                2 7 6
                3 8 7
                4 9 8
                5 10 9
                11 10 6
                11 9 10
                11 8 9
                11 7 8
                11 6 7
                1 10 12
                1 12 6
                5 12 10
                5 9 12
                4 12 9
                4 8 12
                3 12 8
                3 7 12
                2 12 7
                2 6 12
                1 12 6
            </Faces>
        </Mesh>

        <Mesh id="9" type="solid">
            <Transformations>
                <Transformation>t 1</Transformation>
                <Transformation>r 8</Transformation>
            </Transformations>
            <Faces>
                1 6 10
                2 7 6
                3 8 7
                4 9 8
                5 10 9
                11 10 6
                11 9 10
                11 8 9
                11 7 8
                11 6 7
                1 10 12
                1 12 6
                5 12 10
                5 9 12
                4 12 9
                4 8 12
                3 12 8
                3 7 12
                2 12 7
                2 6 12
                1 12 6
            </Faces>
        </Mesh>

        <Mesh id="10" type="solid">
            <Transformations>
                <Transformation>t 1</Transformation>
                <Transformation>r 9</Transformation>
            </Transformations>
            <Faces>
                1 6 10
                2 7 6
                3 8 7
                4 9 8
                5 10 9
                11 10 6
                11 9 10
                11 8 9
                11 7 8
                11 6 7
                1 10 12
                1 12 6
                5 12 10
                5 9 12
                4 12 9
                4 8 12
                3 12 8
                3 7 12
                2 12 7
                2 6 12
                1 12 6
            </Faces>
        </Mesh>

        <Mesh id="11" type="solid">
            <Transformations>
                <Transformation>t 1</Transformation>
                <Transformation>r 10</Transformation>
            </Transformations>
            <Faces>
                1 6 10
                2 7 6
                3 8 7
                4 9 8
                5 10 9
                11 10 6
                11 9 10
                11 8 9
                11 7 8
                11 6 7
                1 10 12
                1 12 6
                5 12 10
                5 9 12
                4 12 9
                4 8 12
                3 12 8
                3 7 12
                2 12 7
                2 6 12
                1 12 6
            </Faces>
        </Mesh>

        <Mesh id="12" type="solid">
            <Transformations>
                <Transformation>t 1</Transformation>
                <Transformation>r 11</Transformation>
            </Transformations>
            <Faces>
                1 6 10
                2 7 6
                3 8 7
                4 9 8
                5 10 9
                11 10 6
                11 9 10
                11 8 9
                11 7 8
                11 6 7
                1 10 12
                1 12 6
                5 12 10
                5 9 12
                4 12 9
                4 8 12
                3 12 8
                3 7 12
                2 12 7
                2 6 12
                1 12 6
            </Faces>
        </Mesh>
		

	</Meshes>

</Scene>